{
    "name": "custom-pause",
    "title": "Custom Pause",
    "description": "A simple module for Foundry VTT that uses a file picker to change the Game Paused image.",
    "version": "0.1.0.0",
    "library": "false",
    "manifestPlusVersion": "1.0.0",
    "minimumCoreVersion": "0.7.10",
    "compatibleCoreVersion": "0.8.6",
    "authors": [
        {
            "name": "John",
            "url": "https://www.savagerifts.com",
            "dicord": "John (Venatus Vinco)#5102"
        }
    ],
    "esmodules": [
        "/scripts/module.js"
    ],
    "languages": [
        {
            "lang": "en",
            "name": "English",
            "path": "languages/en.json"
        }
    ],
    "url": "https://gitlab.com/jestevens210/custom-pause/",
    "manifest": "https://gitlab.com/jestevens210/custom-pause/-/blob/main/custom-pause/module.json",
    "download": "https://gitlab.com/jestevens210/custom-pause/-/blob/main/custom-pause.zip"
}